{"cameraMode":{"drawMode":2,"name":"Shaded Wireframe","section":"Shading Mode"},"sceneLighting":true,"audioPlay":false,"sceneViewState":{"showFog":true,"showMaterialUpdate":true,"showSkybox":true,"showFlares":true,"showImageEffects":true,"showParticleSystems":true},"in2DMode":false,"pivot":{"x":0.5456693768501282,"y":0.4491327404975891,"z":-3.8453874588012697},"rotation":{"x":0.05716881901025772,"y":-0.11743547767400742,"z":0.0067718117497861389,"w":0.991413414478302},"size":2.6569440364837648,"orthographic":false}