{"cameraMode":{"drawMode":0,"name":"Shaded","section":"Shading Mode"},"sceneLighting":true,"audioPlay":false,"sceneViewState":{"showFog":true,"showMaterialUpdate":false,"showSkybox":true,"showFlares":true,"showImageEffects":true,"showParticleSystems":true},"in2DMode":false,"pivot":{"x":-28.210247039794923,"y":35.62506866455078,"z":101.11952209472656},"rotation":{"x":-0.43663790822029116,"y":0.19223183393478394,"z":-0.09607671946287155,"w":-0.8735975623130798},"size":23.6498966217041,"orthographic":false}