{"cameraMode":{"drawMode":0,"name":"Shaded","section":"Shading Mode"},"sceneLighting":true,"audioPlay":false,"sceneViewState":{"showFog":true,"showMaterialUpdate":false,"showSkybox":true,"showFlares":true,"showImageEffects":true,"showParticleSystems":true},"in2DMode":false,"pivot":{"x":1.516960620880127,"y":36.208065032958987,"z":-12.880830764770508},"rotation":{"x":-0.03624700754880905,"y":-0.05483962222933769,"z":0.001991882221773267,"w":-0.9978352785110474},"size":1.2247449159622193,"orthographic":false}