{"cameraMode":{"drawMode":0,"name":"Shaded","section":"Shading Mode"},"sceneLighting":true,"audioPlay":false,"sceneViewState":{"showFog":true,"showMaterialUpdate":false,"showSkybox":true,"showFlares":true,"showImageEffects":true,"showParticleSystems":true},"in2DMode":false,"pivot":{"x":961.5628051757813,"y":296.6739196777344,"z":-20.224853515625},"rotation":{"x":-0.02730535715818405,"y":-0.009898810647428036,"z":0.0002703926002141088,"w":-0.999578595161438},"size":526.9633178710938,"orthographic":false}